Ghi,Ghi90,Ghi10,Ebh,Dni,Dni10,Dni90,Dhi,air_temp,Zenith,Azimuth,cloud_opacity,period_end,Period
45,60,30,8,51,16,4,45,14,80,103,73,2017-11-10T08:00:00Z,PT30M
28,43,17,1,4,5,31,28,14,86,108,61,2017-11-10T08:30:00Z,PT30M
15,17,12,3,21,6,34,12,13,91,112,21,2017-11-10T09:00:00Z,PT30M
0,0,0,0,0,0,0,0,13,97,116,27,2017-11-10T09:30:00Z,PT30M
0,0,0,0,0,0,0,0,13,102,121,38,2017-11-10T10:00:00Z,PT30M
0,0,0,0,0,0,0,0,12,108,126,36,2017-11-10T10:30:00Z,PT30M
0,0,0,0,0,0,0,0,12,112,132,33,2017-11-10T11:00:00Z,PT30M
0,0,0,0,0,0,0,0,11,117,138,26,2017-11-10T11:30:00Z,PT30M
0,0,0,0,0,0,0,0,11,120,145,24,2017-11-10T12:00:00Z,PT30M
0,0,0,0,0,0,0,0,10,123,153,22,2017-11-10T12:30:00Z,PT30M
0,0,0,0,0,0,0,0,10,126,161,20,2017-11-10T13:00:00Z,PT30M
0,0,0,0,0,0,0,0,10,127,170,18,2017-11-10T13:30:00Z,PT30M
0,0,0,0,0,0,0,0,9,128,179,16,2017-11-10T14:00:00Z,PT30M
0,0,0,0,0,0,0,0,9,128,-172,14,2017-11-10T14:30:00Z,PT30M
0,0,0,0,0,0,0,0,9,126,-163,13,2017-11-10T15:00:00Z,PT30M
0,0,0,0,0,0,0,0,9,124,-155,12,2017-11-10T15:30:00Z,PT30M
0,0,0,0,0,0,0,0,9,121,-147,12,2017-11-10T16:00:00Z,PT30M
0,0,0,0,0,0,0,0,8,117,-140,12,2017-11-10T16:30:00Z,PT30M
0,0,0,0,0,0,0,0,8,113,-133,12,2017-11-10T17:00:00Z,PT30M
0,0,0,0,0,0,0,0,8,108,-128,12,2017-11-10T17:30:00Z,PT30M
0,0,0,0,0,0,0,0,8,103,-122,13,2017-11-10T18:00:00Z,PT30M
0,0,0,0,0,0,0,0,8,98,-117,14,2017-11-10T18:30:00Z,PT30M
0,0,0,0,0,0,0,0,8,93,-113,14,2017-11-10T19:00:00Z,PT30M
28,33,22,9,58,17,118,18,8,87,-108,15,2017-11-10T19:30:00Z,PT30M
96,113,76,38,223,65,435,58,10,81,-104,14,2017-11-10T20:00:00Z,PT30M
181,214,143,78,301,89,576,103,11,75,-100,14,2017-11-10T20:30:00Z,PT30M
273,323,215,128,357,103,664,145,12,69,-96,14,2017-11-10T21:00:00Z,PT30M
366,433,287,179,395,108,738,186,13,63,-92,15,2017-11-10T21:30:00Z,PT30M
456,540,357,241,442,121,799,214,14,57,-88,15,2017-11-10T22:00:00Z,PT30M
539,640,422,302,480,130,841,236,16,51,-83,15,2017-11-10T22:30:00Z,PT30M
615,731,481,356,502,135,869,259,17,45,-78,16,2017-11-10T23:00:00Z,PT30M
684,812,534,402,518,138,886,281,18,39,-72,16,2017-11-10T23:30:00Z,PT30M
737,878,575,438,522,139,892,299,19,33,-64,16,2017-11-11,PT30M
778,932,606,464,526,128,903,314,19,28,-54,16,2017-11-11T00:30:00Z,PT30M
802,972,623,459,499,115,904,343,21,23,-41,17,2017-11-11T01:00:00Z,PT30M
807,991,624,424,451,103,892,383,21,20,-24,19,2017-11-11T01:30:00Z,PT30M
790,975,606,376,398,76,850,414,21,19,-2,20,2017-11-11T02:00:00Z,PT30M
753,935,571,287,305,55,781,466,20,20,20,24,2017-11-11T02:30:00Z,PT30M
698,875,520,202,219,35,676,495,19,22,38,28,2017-11-11T03:00:00Z,PT30M
632,802,462,134,150,22,549,497,18,27,52,32,2017-11-11T03:30:00Z,PT30M
561,721,401,85,100,13,433,475,18,32,62,37,2017-11-11T04:00:00Z,PT30M
494,642,347,57,73,9,351,437,17,38,70,40,2017-11-11T04:30:00Z,PT30M
437,571,304,45,62,7,309,392,16,43,76,41,2017-11-11T05:00:00Z,PT30M
387,505,270,43,65,8,293,344,16,49,82,40,2017-11-11T05:30:00Z,PT30M
340,441,240,39,71,10,315,300,16,56,87,39,2017-11-11T06:00:00Z,PT30M
288,369,206,39,84,14,336,248,16,62,91,36,2017-11-11T06:30:00Z,PT30M
227,289,165,35,95,18,344,191,14,68,95,33,2017-11-11T07:00:00Z,PT30M
161,204,118,26,97,21,345,134,14,74,99,31,2017-11-11T07:30:00Z,PT30M
92,116,68,16,96,22,308,75,14,80,103,28,2017-11-11T08:00:00Z,PT30M
32,41,24,5,34,5,116,26,13,86,108,26,2017-11-11T08:30:00Z,PT30M
0,0,0,0,0,0,0,0,13,91,112,24,2017-11-11T09:00:00Z,PT30M
0,0,0,0,0,0,0,0,12,97,116,23,2017-11-11T09:30:00Z,PT30M
0,0,0,0,0,0,0,0,12,102,121,21,2017-11-11T10:00:00Z,PT30M
0,0,0,0,0,0,0,0,11,108,126,20,2017-11-11T10:30:00Z,PT30M
0,0,0,0,0,0,0,0,11,112,132,18,2017-11-11T11:00:00Z,PT30M
0,0,0,0,0,0,0,0,10,117,138,17,2017-11-11T11:30:00Z,PT30M
0,0,0,0,0,0,0,0,10,120,145,15,2017-11-11T12:00:00Z,PT30M
0,0,0,0,0,0,0,0,10,123,153,14,2017-11-11T12:30:00Z,PT30M
0,0,0,0,0,0,0,0,10,126,161,13,2017-11-11T13:00:00Z,PT30M
0,0,0,0,0,0,0,0,9,127,170,12,2017-11-11T13:30:00Z,PT30M
0,0,0,0,0,0,0,0,9,128,179,11,2017-11-11T14:00:00Z,PT30M
0,0,0,0,0,0,0,0,9,128,-172,10,2017-11-11T14:30:00Z,PT30M
0,0,0,0,0,0,0,0,9,126,-163,9,2017-11-11T15:00:00Z,PT30M
0,0,0,0,0,0,0,0,8,124,-155,9,2017-11-11T15:30:00Z,PT30M
0,0,0,0,0,0,0,0,8,121,-147,10,2017-11-11T16:00:00Z,PT30M
0,0,0,0,0,0,0,0,8,117,-140,10,2017-11-11T16:30:00Z,PT30M
0,0,0,0,0,0,0,0,8,113,-133,11,2017-11-11T17:00:00Z,PT30M
0,0,0,0,0,0,0,0,8,108,-128,11,2017-11-11T17:30:00Z,PT30M
0,0,0,0,0,0,0,0,9,103,-122,12,2017-11-11T18:00:00Z,PT30M
0,0,0,0,0,0,0,0,8,98,-117,13,2017-11-11T18:30:00Z,PT30M
0,0,0,0,0,0,0,0,9,93,-113,14,2017-11-11T19:00:00Z,PT30M
27,33,20,9,58,11,118,18,9,87,-108,15,2017-11-11T19:30:00Z,PT30M
93,114,68,33,197,40,441,60,9,81,-104,17,2017-11-11T20:00:00Z,PT30M
174,217,127,63,244,45,587,111,10,75,-100,19,2017-11-11T20:30:00Z,PT30M
255,325,186,86,241,44,671,169,10,69,-96,22,2017-11-11T21:00:00Z,PT30M
334,424,243,116,257,43,691,217,11,63,-92,23,2017-11-11T21:30:00Z,PT30M
408,520,298,137,252,40,721,271,11,57,-88,25,2017-11-11T22:00:00Z,PT30M
483,612,354,172,274,47,745,310,11,51,-83,25,2017-11-11T22:30:00Z,PT30M
563,707,419,233,329,59,795,330,12,45,-78,23,2017-11-11T23:00:00Z,PT30M
656,811,500,338,435,93,884,318,13,39,-72,19,2017-11-11T23:30:00Z,PT30M
753,883,588,479,571,151,902,274,14,33,-64,14,2017-11-12,PT30M
844,938,674,609,690,240,912,234,16,28,-54,10,2017-11-12T00:30:00Z,PT30M
916,978,741,722,785,327,913,194,16,23,-41,6,2017-11-12T01:00:00Z,PT30M
954,1003,779,766,815,377,917,187,17,20,-24,5,2017-11-12T01:30:00Z,PT30M
961,1012,787,771,814,378,919,190,19,19,-2,5,2017-11-12T02:00:00Z,PT30M
944,1005,774,743,791,352,918,200,19,20,20,6,2017-11-12T02:30:00Z,PT30M
910,982,747,701,756,324,908,209,19,22,38,7,2017-11-12T03:00:00Z,PT30M
870,945,717,654,733,320,907,216,19,27,52,8,2017-11-12T03:30:00Z,PT30M
821,893,678,614,723,316,897,207,20,32,62,8,2017-11-12T04:00:00Z,PT30M
760,826,629,563,715,313,887,196,20,38,70,8,2017-11-12T04:30:00Z,PT30M
689,748,571,502,686,299,857,186,20,43,76,8,2017-11-12T05:00:00Z,PT30M
606,658,503,431,657,283,828,175,19,49,82,8,2017-11-12T05:30:00Z,PT30M
514,559,427,351,628,265,804,162,19,56,87,7,2017-11-12T06:00:00Z,PT30M
416,453,347,267,569,234,742,149,19,62,91,7,2017-11-12T06:30:00Z,PT30M
317,344,264,189,505,215,669,128,18,68,95,7,2017-11-12T07:00:00Z,PT30M
217,234,181,122,445,180,583,95,17,74,99,6,2017-11-12T07:30:00Z,PT30M
121,130,101,62,362,154,482,59,16,80,103,6,2017-11-12T08:00:00Z,PT30M
41,44,34,20,123,46,158,21,14,86,108,6,2017-11-12T08:30:00Z,PT30M
0,0,0,0,0,0,0,0,13,91,112,5,2017-11-12T09:00:00Z,PT30M
0,0,0,0,0,0,0,0,12,97,116,6,2017-11-12T09:30:00Z,PT30M
0,0,0,0,0,0,0,0,11,102,121,6,2017-11-12T10:00:00Z,PT30M
0,0,0,0,0,0,0,0,10,108,126,7,2017-11-12T10:30:00Z,PT30M
0,0,0,0,0,0,0,0,10,112,132,8,2017-11-12T11:00:00Z,PT30M
0,0,0,0,0,0,0,0,10,117,138,9,2017-11-12T11:30:00Z,PT30M
0,0,0,0,0,0,0,0,10,120,145,10,2017-11-12T12:00:00Z,PT30M
0,0,0,0,0,0,0,0,10,123,153,11,2017-11-12T12:30:00Z,PT30M
0,0,0,0,0,0,0,0,10,126,161,11,2017-11-12T13:00:00Z,PT30M
0,0,0,0,0,0,0,0,9,127,170,11,2017-11-12T13:30:00Z,PT30M
0,0,0,0,0,0,0,0,9,128,179,12,2017-11-12T14:00:00Z,PT30M
0,0,0,0,0,0,0,0,9,128,-172,12,2017-11-12T14:30:00Z,PT30M
0,0,0,0,0,0,0,0,9,126,-163,12,2017-11-12T15:00:00Z,PT30M
0,0,0,0,0,0,0,0,9,124,-155,12,2017-11-12T15:30:00Z,PT30M
0,0,0,0,0,0,0,0,9,121,-147,12,2017-11-12T16:00:00Z,PT30M
0,0,0,0,0,0,0,0,9,117,-140,12,2017-11-12T16:30:00Z,PT30M
0,0,0,0,0,0,0,0,9,113,-133,12,2017-11-12T17:00:00Z,PT30M
0,0,0,0,0,0,0,0,8,108,-128,11,2017-11-12T17:30:00Z,PT30M
0,0,0,0,0,0,0,0,7,103,-122,10,2017-11-12T18:00:00Z,PT30M
0,0,0,0,0,0,0,0,7,98,-117,10,2017-11-12T18:30:00Z,PT30M
0,0,0,0,0,0,0,0,7,93,-113,9,2017-11-12T19:00:00Z,PT30M
30,33,24,13,81,28,118,16,8,87,-108,9,2017-11-12T19:30:00Z,PT30M
103,113,83,51,304,111,435,51,8,81,-104,9,2017-11-12T20:00:00Z,PT30M
194,215,159,105,408,150,580,89,9,75,-100,9,2017-11-12T20:30:00Z,PT30M
294,324,241,172,481,191,667,121,10,69,-96,9,2017-11-12T21:00:00Z,PT30M
394,434,326,248,547,223,742,145,11,63,-92,9,2017-11-12T21:30:00Z,PT30M
492,541,409,331,608,266,801,161,12,57,-88,9,2017-11-12T22:00:00Z,PT30M
586,642,489,412,654,294,846,174,14,51,-83,9,2017-11-12T22:30:00Z,PT30M
670,733,561,493,697,328,873,177,16,45,-78,8,2017-11-12T23:00:00Z,PT30M
745,814,623,557,716,340,889,188,16,39,-72,8,2017-11-12T23:30:00Z,PT30M
804,880,671,592,706,325,897,211,17,33,-64,9,2017-11-13,PT30M
851,935,708,629,713,326,907,221,19,28,-54,9,2017-11-13T00:30:00Z,PT30M
883,975,730,653,710,302,908,229,19,23,-41,9,2017-11-13T01:00:00Z,PT30M
899,999,738,649,690,280,911,250,20,20,-24,10,2017-11-13T01:30:00Z,PT30M
902,1009,734,634,671,258,914,267,21,19,-2,10,2017-11-13T02:00:00Z,PT30M
889,1002,716,624,663,236,913,265,22,20,20,11,2017-11-13T02:30:00Z,PT30M
864,980,690,588,634,214,903,276,23,22,38,11,2017-11-13T03:00:00Z,PT30M
829,943,656,560,629,196,901,268,23,27,52,11,2017-11-13T03:30:00Z,PT30M
782,890,614,526,620,178,893,256,24,32,62,11,2017-11-13T04:00:00Z,PT30M
723,824,563,480,609,161,883,242,23,38,70,11,2017-11-13T04:30:00Z,PT30M
651,746,505,411,562,151,853,240,23,43,76,12,2017-11-13T05:00:00Z,PT30M
571,656,439,347,529,130,823,223,23,49,82,13,2017-11-13T05:30:00Z,PT30M
482,557,371,278,497,122,798,204,23,56,87,13,2017-11-13T06:00:00Z,PT30M
392,452,301,209,445,109,738,183,21,62,91,13,2017-11-13T06:30:00Z,PT30M
298,342,230,145,389,103,664,152,21,68,95,13,2017-11-13T07:00:00Z,PT30M
206,233,159,95,346,95,579,110,20,74,99,12,2017-11-13T07:30:00Z,PT30M
116,130,91,53,306,84,482,63,19,80,103,10,2017-11-13T08:00:00Z,PT30M
40,44,31,17,105,28,158,23,17,86,108,9,2017-11-13T08:30:00Z,PT30M
0,0,0,0,0,0,0,0,15,91,112,8,2017-11-13T09:00:00Z,PT30M
0,0,0,0,0,0,0,0,14,97,116,7,2017-11-13T09:30:00Z,PT30M
0,0,0,0,0,0,0,0,13,102,121,6,2017-11-13T10:00:00Z,PT30M
0,0,0,0,0,0,0,0,12,108,126,6,2017-11-13T10:30:00Z,PT30M
0,0,0,0,0,0,0,0,11,112,132,6,2017-11-13T11:00:00Z,PT30M
0,0,0,0,0,0,0,0,10,117,138,6,2017-11-13T11:30:00Z,PT30M
0,0,0,0,0,0,0,0,9,120,145,6,2017-11-13T12:00:00Z,PT30M
0,0,0,0,0,0,0,0,9,123,153,5,2017-11-13T12:30:00Z,PT30M
0,0,0,0,0,0,0,0,8,126,161,5,2017-11-13T13:00:00Z,PT30M
0,0,0,0,0,0,0,0,8,127,170,5,2017-11-13T13:30:00Z,PT30M
0,0,0,0,0,0,0,0,8,128,179,5,2017-11-13T14:00:00Z,PT30M
0,0,0,0,0,0,0,0,8,128,-172,5,2017-11-13T14:30:00Z,PT30M
0,0,0,0,0,0,0,0,8,126,-163,5,2017-11-13T15:00:00Z,PT30M
0,0,0,0,0,0,0,0,7,124,-155,5,2017-11-13T15:30:00Z,PT30M
0,0,0,0,0,0,0,0,7,121,-147,6,2017-11-13T16:00:00Z,PT30M
0,0,0,0,0,0,0,0,7,117,-140,6,2017-11-13T16:30:00Z,PT30M
0,0,0,0,0,0,0,0,7,113,-133,6,2017-11-13T17:00:00Z,PT30M
0,0,0,0,0,0,0,0,7,108,-128,7,2017-11-13T17:30:00Z,PT30M
0,0,0,0,0,0,0,0,7,103,-122,7,2017-11-13T18:00:00Z,PT30M
0,0,0,0,0,0,0,0,6,98,-117,7,2017-11-13T18:30:00Z,PT30M
0,0,0,0,0,0,0,0,6,93,-113,7,2017-11-13T19:00:00Z,PT30M
31,33,24,14,87,28,118,16,8,87,-108,8,2017-11-13T19:30:00Z,PT30M
105,114,83,54,323,105,441,50,8,81,-104,8,2017-11-13T20:00:00Z,PT30M
199,215,157,115,446,141,580,83,10,75,-100,7,2017-11-13T20:30:00Z,PT30M
300,325,237,188,525,168,670,112,11,69,-96,7,2017-11-13T21:00:00Z,PT30M
403,435,317,270,596,192,745,133,13,63,-92,7,2017-11-13T21:30:00Z,PT30M
503,542,395,357,654,216,805,146,14,57,-88,7,2017-11-13T22:00:00Z,PT30M
596,642,467,440,698,235,846,156,16,51,-83,7,2017-11-13T22:30:00Z,PT30M
681,734,531,513,725,231,874,167,17,45,-78,7,2017-11-13T23:00:00Z,PT30M
753,814,585,575,739,236,891,178,19,39,-72,7,2017-11-13T23:30:00Z,PT30M
810,880,626,610,728,221,896,199,20,33,-64,8,2017-11-14,PT30M
855,935,656,647,733,205,906,207,21,28,-54,8,2017-11-14T00:30:00Z,PT30M
883,975,672,653,710,186,907,229,21,23,-41,9,2017-11-14T01:00:00Z,PT30M
895,999,676,645,687,169,911,249,22,20,-24,10,2017-11-14T01:30:00Z,PT30M
845,1008,620,503,532,93,913,342,23,19,-2,16,2017-11-14T02:00:00Z,PT30M
797,1001,568,395,420,54,911,402,23,20,20,20,2017-11-14T02:30:00Z,PT30M
748,975,522,314,339,35,896,434,23,22,38,23,2017-11-14T03:00:00Z,PT30M
705,928,482,261,292,30,873,444,23,27,52,25,2017-11-14T03:30:00Z,PT30M
662,876,449,242,285,26,863,420,23,32,62,25,2017-11-14T04:00:00Z,PT30M
616,818,415,222,282,27,862,393,23,38,70,25,2017-11-14T04:30:00Z,PT30M
565,743,380,211,289,26,847,353,23,43,76,24,2017-11-14T05:00:00Z,PT30M
507,655,342,204,311,28,822,303,23,49,82,22,2017-11-14T05:30:00Z,PT30M
440,556,298,176,315,35,795,263,23,56,87,21,2017-11-14T06:00:00Z,PT30M
364,450,248,148,317,35,734,215,21,62,91,19,2017-11-14T06:30:00Z,PT30M
281,341,192,115,307,36,658,166,20,68,95,17,2017-11-14T07:00:00Z,PT30M
194,232,133,76,277,39,575,118,19,74,99,16,2017-11-14T07:30:00Z,PT30M
109,129,75,40,234,34,476,69,18,80,103,15,2017-11-14T08:00:00Z,PT30M
37,44,25,12,75,11,152,25,16,86,108,14,2017-11-14T08:30:00Z,PT30M
0,0,0,0,0,0,0,0,16,91,112,13,2017-11-14T09:00:00Z,PT30M
0,0,0,0,0,0,0,0,15,97,116,13,2017-11-14T09:30:00Z,PT30M
0,0,0,0,0,0,0,0,14,102,121,13,2017-11-14T10:00:00Z,PT30M
0,0,0,0,0,0,0,0,13,108,126,13,2017-11-14T10:30:00Z,PT30M
0,0,0,0,0,0,0,0,12,112,132,13,2017-11-14T11:00:00Z,PT30M
0,0,0,0,0,0,0,0,12,117,138,12,2017-11-14T11:30:00Z,PT30M
0,0,0,0,0,0,0,0,11,120,145,12,2017-11-14T12:00:00Z,PT30M
0,0,0,0,0,0,0,0,11,123,153,11,2017-11-14T12:30:00Z,PT30M
0,0,0,0,0,0,0,0,10,126,161,11,2017-11-14T13:00:00Z,PT30M
0,0,0,0,0,0,0,0,10,127,170,11,2017-11-14T13:30:00Z,PT30M
0,0,0,0,0,0,0,0,10,128,179,10,2017-11-14T14:00:00Z,PT30M
0,0,0,0,0,0,0,0,9,128,-172,10,2017-11-14T14:30:00Z,PT30M
0,0,0,0,0,0,0,0,9,126,-163,10,2017-11-14T15:00:00Z,PT30M
0,0,0,0,0,0,0,0,9,124,-155,10,2017-11-14T15:30:00Z,PT30M
0,0,0,0,0,0,0,0,9,121,-147,11,2017-11-14T16:00:00Z,PT30M
0,0,0,0,0,0,0,0,9,117,-140,11,2017-11-14T16:30:00Z,PT30M
0,0,0,0,0,0,0,0,9,113,-133,11,2017-11-14T17:00:00Z,PT30M
0,0,0,0,0,0,0,0,8,108,-128,12,2017-11-14T17:30:00Z,PT30M
0,0,0,0,0,0,0,0,8,103,-122,12,2017-11-14T18:00:00Z,PT30M
0,0,0,0,0,0,0,0,9,98,-117,12,2017-11-14T18:30:00Z,PT30M
0,0,0,0,0,0,0,0,10,93,-113,13,2017-11-14T19:00:00Z,PT30M
28,33,20,10,64,11,118,17,11,87,-108,13,2017-11-14T19:30:00Z,PT30M
97,113,67,40,235,35,429,57,12,81,-104,13,2017-11-14T20:00:00Z,PT30M
184,214,127,82,317,46,572,102,13,75,-100,13,2017-11-14T20:30:00Z,PT30M
276,322,191,135,377,50,661,141,14,69,-96,13,2017-11-14T21:00:00Z,PT30M
371,432,256,197,434,57,736,174,16,63,-92,13,2017-11-14T21:30:00Z,PT30M
462,539,320,264,484,62,796,198,17,57,-88,13,2017-11-14T22:00:00Z,PT30M
547,639,379,329,522,67,840,218,19,51,-83,13,2017-11-14T22:30:00Z,PT30M
623,730,432,372,527,69,867,250,20,45,-78,14,2017-11-14T23:00:00Z,PT30M
688,811,477,419,539,68,884,268,21,39,-72,14,2017-11-14T23:30:00Z,PT30M
739,877,511,438,522,63,891,300,23,33,-64,16,2017-11-15,PT30M
777,931,536,446,506,62,902,330,25,28,-54,16,2017-11-15T00:30:00Z,PT30M
802,971,551,459,499,54,903,342,25,23,-41,16,2017-11-15T01:00:00Z,PT30M
811,996,556,443,472,49,907,368,25,20,-24,18,2017-11-15T01:30:00Z,PT30M
807,1005,550,403,426,43,908,404,26,19,-2,19,2017-11-15T02:00:00Z,PT30M
790,998,535,375,398,38,908,415,27,20,20,21,2017-11-15T02:30:00Z,PT30M
760,976,511,340,367,31,898,420,27,22,38,21,2017-11-15T03:00:00Z,PT30M
722,939,482,303,340,28,897,419,27,27,52,23,2017-11-15T03:30:00Z,PT30M
674,887,447,265,312,25,887,409,27,32,62,23,2017-11-15T04:00:00Z,PT30M
619,822,407,226,287,23,878,392,27,38,70,25,2017-11-15T04:30:00Z,PT30M
554,743,362,197,269,21,848,357,27,43,76,25,2017-11-15T05:00:00Z,PT30M
484,654,313,155,236,18,819,329,27,49,82,25,2017-11-15T05:30:00Z,PT30M
408,556,262,116,207,16,795,292,25,56,87,26,2017-11-15T06:00:00Z,PT30M
329,450,208,85,181,14,734,243,25,62,91,26,2017-11-15T06:30:00Z,PT30M
247,341,155,58,156,12,658,189,23,68,95,27,2017-11-15T07:00:00Z,PT30M
167,232,103,33,122,10,575,134,21,74,99,27,2017-11-15T07:30:00Z,PT30M
92,129,55,16,92,6,475,76,21,80,103,28,2017-11-15T08:00:00Z,PT30M
31,44,18,4,28,0,152,26,19,86,108,29,2017-11-15T08:30:00Z,PT30M
0,0,0,0,0,0,0,0,19,91,112,30,2017-11-15T09:00:00Z,PT30M
0,0,0,0,0,0,0,0,17,97,116,32,2017-11-15T09:30:00Z,PT30M
0,0,0,0,0,0,0,0,17,102,121,32,2017-11-15T10:00:00Z,PT30M
0,0,0,0,0,0,0,0,16,108,126,33,2017-11-15T10:30:00Z,PT30M
0,0,0,0,0,0,0,0,16,112,132,33,2017-11-15T11:00:00Z,PT30M
0,0,0,0,0,0,0,0,16,117,138,34,2017-11-15T11:30:00Z,PT30M
0,0,0,0,0,0,0,0,16,120,145,33,2017-11-15T12:00:00Z,PT30M
0,0,0,0,0,0,0,0,15,123,153,33,2017-11-15T12:30:00Z,PT30M
0,0,0,0,0,0,0,0,15,126,161,33,2017-11-15T13:00:00Z,PT30M
0,0,0,0,0,0,0,0,15,127,170,32,2017-11-15T13:30:00Z,PT30M
0,0,0,0,0,0,0,0,15,128,179,32,2017-11-15T14:00:00Z,PT30M
0,0,0,0,0,0,0,0,15,128,-172,32,2017-11-15T14:30:00Z,PT30M
0,0,0,0,0,0,0,0,15,126,-163,32,2017-11-15T15:00:00Z,PT30M
0,0,0,0,0,0,0,0,15,124,-155,33,2017-11-15T15:30:00Z,PT30M
0,0,0,0,0,0,0,0,14,121,-147,34,2017-11-15T16:00:00Z,PT30M
0,0,0,0,0,0,0,0,14,117,-140,35,2017-11-15T16:30:00Z,PT30M
0,0,0,0,0,0,0,0,14,113,-133,36,2017-11-15T17:00:00Z,PT30M
0,0,0,0,0,0,0,0,14,108,-128,38,2017-11-15T17:30:00Z,PT30M
0,0,0,0,0,0,0,0,14,103,-122,40,2017-11-15T18:00:00Z,PT30M
0,0,0,0,0,0,0,0,14,98,-117,41,2017-11-15T18:30:00Z,PT30M
0,0,0,0,0,0,0,0,14,93,-113,43,2017-11-15T19:00:00Z,PT30M
18,28,8,1,6,0,59,17,14,87,-108,44,2017-11-15T19:30:00Z,PT30M
59,94,24,3,18,0,214,56,14,81,-104,46,2017-11-15T20:00:00Z,PT30M
110,177,43,6,23,0,281,104,14,75,-100,47,2017-11-15T20:30:00Z,PT30M
164,265,62,9,25,0,317,155,16,69,-96,48,2017-11-15T21:00:00Z,PT30M
219,355,83,12,26,0,364,206,16,63,-92,48,2017-11-15T21:30:00Z,PT30M
271,440,101,13,24,0,391,257,16,57,-88,49,2017-11-15T22:00:00Z,PT30M
317,518,116,16,25,0,403,301,16,51,-83,49,2017-11-15T22:30:00Z,PT30M
357,586,127,16,23,0,421,340,17,45,-78,50,2017-11-15T23:00:00Z,PT30M
390,644,135,16,21,0,410,373,17,39,-72,51,2017-11-15T23:30:00Z,PT30M
415,689,140,15,18,0,393,399,18,33,-64,52,2017-11-16,PT30M
435,725,144,16,18,0,374,418,18,28,-54,52,2017-11-16T00:30:00Z,PT30M
452,755,151,16,17,0,372,436,18,23,-41,52,2017-11-16T01:00:00Z,PT30M
469,778,160,16,17,0,372,453,19,20,-24,52,2017-11-16T01:30:00Z,PT30M
485,795,176,19,20,0,399,466,19,19,-2,51,2017-11-16T02:00:00Z,PT30M
499,806,192,23,24,0,445,476,19,20,20,49,2017-11-16T02:30:00Z,PT30M
508,806,209,28,31,1,490,478,19,22,38,47,2017-11-16T03:00:00Z,PT30M
512,799,226,37,42,1,542,474,19,27,52,45,2017-11-16T03:30:00Z,PT30M
508,778,238,45,53,1,609,462,21,32,62,43,2017-11-16T04:00:00Z,PT30M
489,739,239,56,71,1,652,432,21,38,70,40,2017-11-16T04:30:00Z,PT30M
455,681,229,56,77,2,670,398,21,43,76,39,2017-11-16T05:00:00Z,PT30M
409,608,210,58,89,2,667,351,23,49,82,37,2017-11-16T05:30:00Z,PT30M
352,521,182,51,92,4,660,300,23,56,87,36,2017-11-16T06:00:00Z,PT30M
287,425,150,39,84,4,620,247,21,62,91,35,2017-11-16T06:30:00Z,PT30M
219,324,114,27,74,2,553,191,21,68,95,35,2017-11-16T07:00:00Z,PT30M
149,221,77,18,68,4,491,130,19,74,99,35,2017-11-16T07:30:00Z,PT30M
83,124,43,9,57,5,407,73,18,80,103,35,2017-11-16T08:00:00Z,PT30M
28,42,14,2,17,0,128,25,17,86,108,35,2017-11-16T08:30:00Z,PT30M
0,0,0,0,0,0,0,0,17,91,112,35,2017-11-16T09:00:00Z,PT30M
0,0,0,0,0,0,0,0,16,97,116,35,2017-11-16T09:30:00Z,PT30M
0,0,0,0,0,0,0,0,15,102,121,35,2017-11-16T10:00:00Z,PT30M
0,0,0,0,0,0,0,0,14,108,126,35,2017-11-16T10:30:00Z,PT30M
0,0,0,0,0,0,0,0,14,112,132,35,2017-11-16T11:00:00Z,PT30M
0,0,0,0,0,0,0,0,13,117,138,35,2017-11-16T11:30:00Z,PT30M
0,0,0,0,0,0,0,0,13,120,145,35,2017-11-16T12:00:00Z,PT30M
0,0,0,0,0,0,0,0,13,123,153,33,2017-11-16T12:30:00Z,PT30M
0,0,0,0,0,0,0,0,13,126,161,33,2017-11-16T13:00:00Z,PT30M
0,0,0,0,0,0,0,0,13,127,170,32,2017-11-16T13:30:00Z,PT30M
0,0,0,0,0,0,0,0,13,128,179,32,2017-11-16T14:00:00Z,PT30M
0,0,0,0,0,0,0,0,13,128,-172,32,2017-11-16T14:30:00Z,PT30M
0,0,0,0,0,0,0,0,13,126,-163,32,2017-11-16T15:00:00Z,PT30M
0,0,0,0,0,0,0,0,13,124,-155,32,2017-11-16T15:30:00Z,PT30M
0,0,0,0,0,0,0,0,13,121,-147,33,2017-11-16T16:00:00Z,PT30M
0,0,0,0,0,0,0,0,13,117,-140,33,2017-11-16T16:30:00Z,PT30M
0,0,0,0,0,0,0,0,13,113,-133,35,2017-11-16T17:00:00Z,PT30M
0,0,0,0,0,0,0,0,13,108,-128,35,2017-11-16T17:30:00Z,PT30M
0,0,0,0,0,0,0,0,13,103,-122,36,2017-11-16T18:00:00Z,PT30M
0,0,0,0,0,0,0,0,13,98,-117,38,2017-11-16T18:30:00Z,PT30M
0,0,0,0,0,0,0,0,13,93,-113,38,2017-11-16T19:00:00Z,PT30M
20,31,9,2,11,0,94,18,13,87,-108,38,2017-11-16T19:30:00Z,PT30M
68,105,31,7,41,0,342,61,13,81,-104,38,2017-11-16T20:00:00Z,PT30M
130,200,59,14,54,4,462,116,14,75,-100,38,2017-11-16T20:30:00Z,PT30M
197,304,91,22,61,2,543,175,14,69,-96,38,2017-11-16T21:00:00Z,PT30M
268,411,125,34,75,2,634,234,14,63,-92,37,2017-11-16T21:30:00Z,PT30M
336,514,159,49,90,2,709,287,14,57,-88,36,2017-11-16T22:00:00Z,PT30M
400,611,190,61,97,2,755,339,14,51,-83,36,2017-11-16T22:30:00Z,PT30M
457,697,217,72,102,2,770,385,16,45,-78,36,2017-11-16T23:00:00Z,PT30M
505,770,240,75,96,2,783,429,16,39,-72,37,2017-11-16T23:30:00Z,PT30M
542,827,257,80,95,2,773,462,16,33,-64,37,2017-11-17,PT30M
571,871,271,77,88,2,763,493,17,28,-54,38,2017-11-17T00:30:00Z,PT30M
594,904,284,80,87,2,759,514,18,23,-41,38,2017-11-17T01:00:00Z,PT30M
611,925,296,82,87,2,761,529,19,20,-24,38,2017-11-17T01:30:00Z,PT30M
623,937,310,90,95,2,764,532,20,19,-2,37,2017-11-17T02:00:00Z,PT30M
628,935,321,98,104,2,782,529,21,20,20,36,2017-11-17T02:30:00Z,PT30M
626,922,330,105,114,3,778,520,21,22,38,35,2017-11-17T03:00:00Z,PT30M
616,898,335,121,136,4,800,495,21,27,52,33,2017-11-17T03:30:00Z,PT30M
595,857,332,126,149,5,824,468,22,32,62,32,2017-11-17T04:00:00Z,PT30M
559,800,319,126,160,5,822,433,22,38,70,32,2017-11-17T04:30:00Z,PT30M
509,725,294,112,153,6,793,397,23,43,76,31,2017-11-17T05:00:00Z,PT30M
448,636,260,102,157,7,762,345,22,49,82,31,2017-11-17T05:30:00Z,PT30M
381,539,222,82,147,6,733,298,22,56,87,31,2017-11-17T06:00:00Z,PT30M
308,436,180,56,120,8,670,251,20,62,91,32,2017-11-17T06:30:00Z,PT30M
234,331,137,42,114,8,600,191,19,68,95,31,2017-11-17T07:00:00Z,PT30M
160,226,94,26,97,6,518,133,18,74,99,31,2017-11-17T07:30:00Z,PT30M
